content_id,status,source,message,title
126,ok,cache,cached (6816592 bytes),Corporate Retreat Planning Colorado 2026 | Book Your Team Offsite Now
246,ok,cache,cached (3328143 bytes),Fall Color Road to Mountain Wellness Retreat Near Aspen Colorado | Beyul Retreat
239,ok,cache,cached (348611 bytes),Mountain Wedding Reception in Aspen Grove | Intimate Colorado Wedding Venue Near Aspen
241,ok,cache,cached (2146048 bytes),Intimate Colorado Mountain Wedding at Beyul Retreat Near Aspen | Pond Ceremony Site
222,ok,cache,cached (6144276 bytes),Winter Wedding at Mountain Cabin Retreat Near Aspen | Beyul Retreat Colorado
223,ok,cache,cached (6333594 bytes),Winter Wedding Ceremony in Colorado Forest | Intimate Mountain Wedding Venue Near Aspen
243,ok,cache,cached (224950 bytes),Whimsical Wedding Toasts in the Aspen Grove | Colorado Mountain Wedding Venue
244,ok,cache,cached (555464 bytes),Mountain Wedding Details | Intimate Colorado Wedding Venue Near Aspen | Beyul Retreat
225,ok,cache,cached (612499 bytes),Wildflower Wedding Arch | Intimate Mountain Wedding Venue Near Aspen Colorado
245,ok,cache,cached (1259897 bytes),Intimate Fall Wedding in Aspen Grove | Colorado Mountain Wedding Venue Near Aspen
247,ok,cache,cached (3334660 bytes),Golden Hour Pond at Beyul Retreat | Colorado Mountain Wedding Venue Near Aspen
228,ok,cache,cached (468759 bytes),Intimate Mountain Wedding Venue Near Aspen | Beyul Retreat Colorado
249,ok,cache,cached (4969384 bytes),Fall Cabin Retreat in Aspen Grove Colorado | Beyul Retreat Wedding & Group Venue
601,ok,cache,cached (676344 bytes),Intimate Mountain Wedding Ceremony Colorado | Beyul Retreat Near Aspen
602,ok,cache,cached (543581 bytes),Mountain Wedding Reception Table | Intimate Colorado Wedding Venue Near Aspen
603,ok,cache,cached (1981386 bytes),Intimate Mountain Wedding by the Pond | Colorado Wedding Venue Near Aspen
604,ok,cache,cached (9763765 bytes),Intimate Colorado Mountain Wedding Elopement with Canoe on Pond | Fall Wedding Near Aspen
605,ok,cache,cached (3202447 bytes),Mountain Wedding Venue Colorado | Intimate Cabins Near Aspen & Basalt
606,ok,cache,cached (2771869 bytes),Mountain Wedding Reception Under the Aspens | Colorado Wedding Venue Near Aspen
607,ok,cache,cached (1575309 bytes),Intimate Mountain Wedding Details | Colorado Wedding Venue Near Aspen
608,ok,cache,cached (472928 bytes),Intimate Mountain Wedding Ceremony Near Aspen | Colorado Wedding Venue
609,ok,cache,cached (4409963 bytes),Spring Meditation Trail Colorado | Aspen Grove Wellness Retreat Near Basalt
610,ok,cache,cached (15429506 bytes),Colorado Mountain Retreat for Digital Detox | Beyul Retreat Near Aspen
611,ok,cache,cached (14850324 bytes),Aspen Grove Wedding Ceremony in the Colorado Rocky Mountains | Beyul Retreat
612,ok,cache,cached (18576107 bytes),Aspen Grove Wedding Venue Colorado | Mountain Retreat Near Aspen | Beyul Retreat
