Title,Media URL,Pinterest board,Thumbnail,Description,Link,Publish date,Keywords
Corporate Retreat Planning Colorado 2026 | Book Your Team Offsite Now,https://raw.githubusercontent.com/sasha903/beyul-pinterest-images/main/images/126.jpg,Beyul Retreat,,"Smart teams are booking spring and summer offsites now. Get the dates you want before they're gone. Full property buyouts, custom agendas, mountain magic included. April is when decisions get made.

Corporate planning 2026 | Team retreat booking

Photo: @CarozzaMedia",https://www.beyulretreat.com,,"Corporate Planning, Team Retreat 2026, Colorado Offsite, Business Travel, Retreat Planning"
Fall Color Road to Mountain Wellness Retreat Near Aspen Colorado | Beyul Retreat,https://raw.githubusercontent.com/sasha903/beyul-pinterest-images/main/images/246.jpg,Beyul Retreat,,"The road in changes you before you even arrive.

This aspen-lined drive through the Frying Pan River Valley? It's the first exhale. The golden light through autumn leaves. The way your shoulders drop when you realize you're already slowing down.

We have a few late fall spots opening up—perfect for teams looking to reset before year-end or intimate weddings under these very trees. 

www.beyulretreat.com

Photo: @bdorts / Bryan Daugherty",https://www.beyulretreat.com,,"Colorado Wellness Retreat, Aspen Colorado, Mountain Retreat Venue, Fall In Colorado, Roaring Fork Valley"
Mountain Wedding Reception in Aspen Grove | Intimate Colorado Wedding Venue Near Aspen,https://raw.githubusercontent.com/sasha903/beyul-pinterest-images/main/images/239.jpg,Beyul Retreat,,"This long table under the aspens. Soft green plates, woven chargers, feathers and dried florals running the center. The kind of reception where everyone lingers.

We have a first-weekend-in-October spot that just opened for 2026—perfect for a couple ready to say yes quickly. Mid-week availability for retreats, too.

Summer's filling: Ginger Flower Adventures (Jun 7-10), 502 Yoga (Jul 14-19), Vajra Sol (Jul 26-30). Late fall and winter 2027 open for…

Photo: @alexisahrling / Alexis Ahrling",https://www.beyulretreat.com,,"Colorado Wedding Venue, Mountain Wedding, Aspen Wedding, Intimate Wedding, Rocky Mountain Wedding"
Intimate Colorado Mountain Wedding at Beyul Retreat Near Aspen | Pond Ceremony Site,https://raw.githubusercontent.com/sasha903/beyul-pinterest-images/main/images/241.jpg,Beyul Retreat,,"This pond. These mountains. Just you two.

Weddings at Beyul feel like stepping into a different world—no distractions, just the quiet of the forest and the soft light on the water. Our pond site offers an intimate backdrop for vows, with evergreens framing the Rockies beyond.

A very special October weekend just opened up for 2026. And if you're planning a wedding weekend retreat near Aspen, we have a few late fall + winter 2027 dates available too.

Arrive as…

Photo: @Photographybycatherine1",https://www.beyulretreat.com,,"Colorado Wedding, Mountain Wedding, Aspen Wedding, Colorado Elopement, Intimate Wedding"
Winter Wedding at Mountain Cabin Retreat Near Aspen | Beyul Retreat Colorado,https://raw.githubusercontent.com/sasha903/beyul-pinterest-images/main/images/222.jpg,Beyul Retreat,,"Snow dusting the porch steps. Log cabin framed by aspens. A dress the color of winter berries.

This is what a wedding weekend looks like when you book the whole place—13 cabins tucked along the Frying Pan River, your people gathered around long tables, ceremony wherever this land calls to you.

A few late fall and winter 2027 dates just opened. Including one very special first weekend in October for a couple who knows what they want. If that's you or…

Photo: @alexisahrling / Alexis Ahrling",https://www.beyulretreat.com,,"coloradoweddingvenue, aspenwedding, mountainwedding, intimatewedding, coloradoelopement"
Winter Wedding Ceremony in Colorado Forest | Intimate Mountain Wedding Venue Near Aspen,https://raw.githubusercontent.com/sasha903/beyul-pinterest-images/main/images/223.jpg,Beyul Retreat,,"Snow falling. Fur coats. Candles in the pines. This is what happens when you say yes to a winter wedding weekend in the Rockies.

Vows in the forest. Guests bundled close. The kind of ceremony where you can see your breath and feel everything.

Weddings. Retreats. Teams. Arrive as you are.

Photo: @alexisahrling / Alexis Ahrling",https://www.beyulretreat.com,,"Colorado Wedding, Mountain Wedding Venue, Aspen Wedding, Winter Wedding, Intimate Wedding"
Whimsical Wedding Toasts in the Aspen Grove | Colorado Mountain Wedding Venue,https://raw.githubusercontent.com/sasha903/beyul-pinterest-images/main/images/243.jpg,Beyul Retreat,,"Hand-painted champagne flutes, bubbles catching afternoon light, aspen trunks behind the table.

This is the mood at Beyul weddings: personal details, laughter, breathing room.

Your people. Your weekend. Tables set among the trees.

Come as you are. Celebrate like this.

Photo: @alexisahrling / Alexis Ahrling",https://www.beyulretreat.com,,"Colorado Wedding Venue, Mountain Wedding, Aspen Wedding, Intimate Wedding, Rocky Mountain Wedding"
Mountain Wedding Details | Intimate Colorado Wedding Venue Near Aspen | Beyul Retreat,https://raw.githubusercontent.com/sasha903/beyul-pinterest-images/main/images/244.jpg,Beyul Retreat,,"Every detail tells a story here.

Turquoise boots against woven patterns. Sage envelopes lined with watercolor blooms. A ring that catches light like snow on peaks.

Arrive as you are. Let this land hold the rest.

www.beyulretreat.com/events-weddings

Photo: @alexisahrling / Alexis Ahrling",https://www.beyulretreat.com/events-weddings,,"Colorado Wedding Venue, Mountain Wedding, Aspen Wedding, Intimate Wedding, Rocky Mountain Wedding"
Wildflower Wedding Arch | Intimate Mountain Wedding Venue Near Aspen Colorado,https://raw.githubusercontent.com/sasha903/beyul-pinterest-images/main/images/225.jpg,Beyul Retreat,,"That terracotta suit. Those pink and coral blooms climbing wild manzanita branches. This is what happens when couples arrive as they are and let this land hold the ceremony.

www.beyulretreat.com/events-weddings

Photo: @alexisahrling / Alexis Ahrling",https://www.beyulretreat.com/events-weddings,,"Colorado Wedding, Aspen Wedding, Mountain Wedding Venue, Intimate Wedding, Rocky Mountain Wedding"
Intimate Fall Wedding in Aspen Grove | Colorado Mountain Wedding Venue Near Aspen,https://raw.githubusercontent.com/sasha903/beyul-pinterest-images/main/images/245.jpg,Beyul Retreat,,"The aspens turn gold. The light goes soft and low. And just the two of you, reading vows beneath the trees.

This is what October looks like at Beyul—when the forest becomes a cathedral and the land holds space for what matters most.

We just had a very special weekend open up: first weekend of October 2026. For the couple who wants to gather close. Who wants fall color, mountain air, and a wedding that feels like coming home.

Intimate weddings. Elopements.…

Photo: @alexmabrey / Alex Mabrey",https://www.beyulretreat.com/events-weddings,,"Colorado Wedding, Aspen Wedding, Mountain Wedding Venue, Intimate Wedding, Fall Wedding"
Golden Hour Pond at Beyul Retreat | Colorado Mountain Wedding Venue Near Aspen,https://raw.githubusercontent.com/sasha903/beyul-pinterest-images/main/images/247.jpg,Beyul Retreat,,"That blue boat. The golden aspens doubled in still water. Morning mist rising off the pond.

This is the view from our land in fall — and honestly, it's why a few couples choose October weddings here. First weekend in October just opened up for one very special pair.

Arrive as you are.
www.beyulretreat.com/events-weddings

Photo: @bdorts / Bryan Daugherty",https://www.beyulretreat.com/events-weddings,,"Colorado Wedding Venue, Mountain Wedding Colorado, Aspen Wedding, Digital Detox, Colorado Retreat"
Intimate Mountain Wedding Venue Near Aspen | Beyul Retreat Colorado,https://raw.githubusercontent.com/sasha903/beyul-pinterest-images/main/images/228.jpg,Beyul Retreat,,"Wildflowers, still water, mountains rising behind you.

This land holds weddings with care.
32 acres in the Frying Pan River Valley. Meadows, forest, river banks. Ceremonies by the pond or under aspens. Receptions in the Aspen Grove.

We have a very special first-weekend-in-October spot that just opened. Your last-minute friends who've been searching? Send them our way.

Also booking: intimate winter weddings, late fall groups, midweek executive retreats…

Photo: @alexisahrling / Alexis Ahrling",https://www.beyulretreat.com,,"coloradowedding, mountainweddingvenue, aspencolorado, intimatewedding, coloradoelopement"
Fall Cabin Retreat in Aspen Grove Colorado | Beyul Retreat Wedding & Group Venue,https://raw.githubusercontent.com/sasha903/beyul-pinterest-images/main/images/249.jpg,Beyul Retreat,,"Golden aspens, a quiet cabin tucked in the trees, and the kind of light that makes you stop mid-trail.

This is what fall looks like at Beyul—32 acres along the Frying Pan River, wrapped in aspen groves that turn buttery gold come September.

We have a few late-fall spots opening up for 2026: a very special first-weekend-in-October wedding date just became available (calling all last-minute planners), plus midweek availability for groups and teams seeking a…

Photo: @abbystern / Abby Stern",https://www.beyulretreat.com,,"Colorado Wedding Venue, Aspen Wedding, Mountain Retreat, Fall In Colorado, Intimate Wedding"
Intimate Mountain Wedding Ceremony Colorado | Beyul Retreat Near Aspen,https://raw.githubusercontent.com/sasha903/beyul-pinterest-images/main/images/601.jpg,Beyul Retreat,,"The ceremony by the pond, just you two and the sound of the creek.

This is what a mountain wedding looks like in May. Soft green everywhere. Evergreens framing the moment. Her veil catching light. The valley quiet except for water moving over stones.

We hold space for weddings that feel grounded. Ceremonies on riverbanks, by still ponds, under aspens just leafing out. Spring in the Frying Pan Valley means tender new green and snowmelt running fast. It means…

Photo: @Photographybycatherine1",https://www.beyulretreat.com,,"Colorado Wedding, Mountain Wedding Venue, Aspen Wedding"
Mountain Wedding Reception Table | Intimate Colorado Wedding Venue Near Aspen,https://raw.githubusercontent.com/sasha903/beyul-pinterest-images/main/images/602.jpg,Beyul Retreat,,"Feathers, birch bark, sage green plates, antler velvet.

This is what mountain weddings look like here. Not precious. Not trying too hard. Just the forest arranged on a long table.

We set up in the Aspen Grove for receptions. The light filters through. The breeze moves things around a little. Your people sit elbow to elbow and stay late.

Spring 2027 wedding weekends still open. The land does most of the work.

Intimate mountain wedding venue in the…

Photo: @alexisahrling / Alexis Ahrling",https://www.beyulretreat.com,,"Colorado Wedding Venue, Mountain Wedding, Aspen Wedding"
Intimate Mountain Wedding by the Pond | Colorado Wedding Venue Near Aspen,https://raw.githubusercontent.com/sasha903/beyul-pinterest-images/main/images/603.jpg,Beyul Retreat,,"That moment right after the ceremony when it's just the two of you, the pond reflecting green pines, the valley opening wide behind you.

This is what we mean when we say arrive as you are. The land holds you. The light does the rest.

Our ponds, riverbanks, aspen groves, and forest paths are here for ceremonies that feel like the beginning of something real. No guest list stress. No timeline tyranny. Just you, the mountain air, and the people who matter…

Photo: @Photographybycatherine1",https://www.beyulretreat.com,,"Colorado Wedding Venue, Mountain Wedding, Aspen Wedding"
Intimate Colorado Mountain Wedding Elopement with Canoe on Pond | Fall Wedding Near Aspen,https://raw.githubusercontent.com/sasha903/beyul-pinterest-images/main/images/604.jpg,Beyul Retreat,,"Golden aspens. Still water. A canoe built for two.

This is what elopement looks like in the Frying Pan Valley, where your wedding day can be as quiet or as full as you want it to be. Exchange vows by the pond, paddle into your first moment as married humans, then gather everyone for dinner under the trees.

We've got 32 acres along the river, ceremony spots that feel like they've been waiting just for you, and spring 2027 wedding weekends…

Photo: @sarahclaireportraiture / Sarah Claire Ware",https://www.beyulretreat.com,,"Colorado Mountain Wedding, Aspen Elopement, Intimate Wedding Venue"
Mountain Wedding Venue Colorado | Intimate Cabins Near Aspen & Basalt,https://raw.githubusercontent.com/sasha903/beyul-pinterest-images/main/images/605.jpg,Beyul Retreat,,"Golden aspens, a log cabin with a wraparound porch, and the Rocky Mountains rising behind it. This is what a wedding weekend looks like in the Frying Pan Valley. Your people stay on property, in cabins tucked into the forest. Mornings are coffee on the porch. Evenings are sauna, cold plunge, long dinners. The ceremony happens outside, in the aspens or by the river. Everything you need is here. Spring 2027 wedding weekends available now at Beyul Retreat near Aspen,…

Photo: @nikhousemedia",https://www.beyulretreat.com,,"Colorado Wedding Venue, Mountain Wedding, Aspen Wedding"
Mountain Wedding Reception Under the Aspens | Colorado Wedding Venue Near Aspen,https://raw.githubusercontent.com/sasha903/beyul-pinterest-images/main/images/606.jpg,Beyul Retreat,,"This is what happens when dinner moves outside.

Uplit aspens. Long tables. Fire already going before the first course comes out. The kind of reception where everyone stays until the stars come out, because nobody wants to be the first to leave.

Wedding weekends at Beyul feel different. Guests arrive Friday, settle into cabins along the river, wake up Saturday to coffee and trails. The ceremony happens in the meadow or by the pond. Dinner under these trees. Dancing in…

Photo: @the_primal_soul",https://www.beyulretreat.com,,"Colorado Wedding Venue, Mountain Wedding, Aspen Wedding"
Intimate Mountain Wedding Details | Colorado Wedding Venue Near Aspen,https://raw.githubusercontent.com/sasha903/beyul-pinterest-images/main/images/607.jpg,Beyul Retreat,,"The morning light.
The dress pooling on the floor.
That quiet moment when it's just you, the tulle, and the day stretching out ahead.

We love when our cabins become getting-ready sanctuaries. Windows open to the creek. Coffee going cold on the nightstand. Your people in the other room, laughing.

This land holds the big moments, the ceremony under the aspens, the reception by the river. But it also holds this: the slow exhale before you walk out the…

Photo: @Photographybycatherine1",https://www.beyulretreat.com,,"Colorado Wedding Venue, Mountain Wedding, Aspen Wedding"
Intimate Mountain Wedding Ceremony Near Aspen | Colorado Wedding Venue,https://raw.githubusercontent.com/sasha903/beyul-pinterest-images/main/images/608.jpg,Beyul Retreat,,"This is what happens when wild branches meet roses and dahlias, when the forest floor becomes your aisle.

Black and white doesn't flatten the moment. It sharpens it. The way her hand finds his shoulder. The tilt of their foreheads. The lush, dramatic arch framing two people who just promised everything.

We build ceremony spaces with care. Asymmetrical installations that feel grounded in this land, not dropped onto it. Native branches, seasonal blooms,…

Photo: @alexisahrling / Alexis Ahrling",https://www.beyulretreat.com,,"Colorado Wedding Venue, Mountain Wedding, Aspen Wedding"
Spring Meditation Trail Colorado | Aspen Grove Wellness Retreat Near Basalt,https://raw.githubusercontent.com/sasha903/beyul-pinterest-images/main/images/609.jpg,Beyul Retreat,,"White bark, gold leaf, prayer flags strung between the aspens. Our Forest Spiral meditation path looks different every season, but there's something about late spring we can't shake. The light is softer. The air smells like new growth. The creek is running high with snowmelt, and the only sound is wind through young leaves. Walk it alone. Walk it with your team. Walk it the morning of your wedding, before the rest of the world wakes up. This land does the heavy…

Photo: @j0hnfelix / John Felix",https://www.beyulretreat.com,,"Colorado Wellness Retreat, Aspen Colorado, Mountain Meditation Retreat"
Colorado Mountain Retreat for Digital Detox | Beyul Retreat Near Aspen,https://raw.githubusercontent.com/sasha903/beyul-pinterest-images/main/images/610.jpg,Beyul Retreat,,"The pond in early fall, holding everything.
Pines, aspens turning gold, clouds drifting, mountains keeping watch.

This is what happens when you arrive without your phone in your pocket. You notice the light shifting on water. You hear the quiet underneath the quiet. Your nervous system remembers what rest actually feels like.

Beyul sits on 32 acres in the Frying Pan River Valley near Aspen, where the only notifications come from the creek. No wifi in the…

Photo: @j0hnfelix / John Felix",https://www.beyulretreat.com,,"Colorado Retreat, Digital Detox, Mountain Getaway"
Aspen Grove Wedding Ceremony in the Colorado Rocky Mountains | Beyul Retreat,https://raw.githubusercontent.com/sasha903/beyul-pinterest-images/main/images/611.jpg,Beyul Retreat,,"Golden aspen leaves underfoot, white bark all around, vows that echo through the trees. This is what fall looks like at 8,000 feet — intimate, grounded, utterly alive. Our aspen groves make a quiet cathedral for small weddings and elopements near Aspen. No speakers needed, just the sound of wind through the leaves. Book your mountain wedding weekend for spring or fall 2027. The land does most of the work.

www.beyulretreat.com

Photo: @sarahclaireportraiture / Sarah Claire Ware",https://www.beyulretreat.com,,"coloradomountainwedding, aspenwedding, rockymountainwedding"
Aspen Grove Wedding Venue Colorado | Mountain Retreat Near Aspen | Beyul Retreat,https://raw.githubusercontent.com/sasha903/beyul-pinterest-images/main/images/612.jpg,Beyul Retreat,,"This is what May looks like in the Frying Pan Valley.

Golden aspens framing the cabins. Light filtering through every new leaf. The air still cool enough for coffee on the porch, warm enough to walk barefoot by afternoon.

We're taking bookings for spring 2027 weddings now. The green is just starting, wildflowers arriving slow, golden hour stretching longer every day. There's something about early season weddings here. Quieter. More tender.…

Photo: @sarahclaireportraiture / Sarah Claire Ware",https://www.beyulretreat.com,,"Colorado Wedding Venue, Aspen Wedding, Mountain Wedding Colorado"
